epoch,train loss,reg loss,train acc,test loss,test acc
0,1.7926606748571348,0.0,33.832000732421875,2.3316024842888416,20.65999984741211
