epoch,train loss,reg loss,train acc,test loss,test acc
0,4.288645243158146,0.0,7.694878578186035,3.671603393073034,14.329999923706055
