epoch,train loss,reg loss,train acc,test loss,test acc
0,4.2919942797446735,0.0,7.371457099914551,3.6410505675306224,14.59000015258789
