epoch,train loss,reg loss,train acc,test loss,test acc
0,4.345297385235222,0.0,6.481227397918701,3.7318802698694094,12.550000190734863
